date,plant_energy_before(kwh),plant_energy_after(kwh),tempmax,tempmin,temp,feelslikemax,feelslikemin,feelslike,humidity,windspeed,uvindex
2023-01-01,31124.0,,30.1,20.2,24.8,29.9,20.2,24.8,59.6,16.1,5
2023-01-02,27481.0,,30.4,21.0,25.3,32.3,21.0,25.6,59.8,17.7,4
2023-01-03,34559.0,,30.5,23.7,26.9,32.3,23.7,27.5,59.2,17.0,6
2023-01-04,35418.0,,32.0,25.0,27.6,33.4,25.0,28.1,56.1,16.1,5
2023-01-05,37479.0,,32.3,23.2,27.2,33.8,23.2,27.8,59.5,16.1,4
2023-01-06,37194.0,,30.6,23.2,26.7,31.4,23.2,27.1,58.4,18.9,5
2023-01-07,32070.0,,28.8,22.2,25.5,28.9,22.2,25.6,52.7,15.2,5
2023-01-08,33325.0,,29.5,24.4,26.7,29.9,24.4,26.9,52.8,20.9,3
2023-01-09,38059.0,,32.2,25.0,28.1,32.9,25.0,28.7,54.7,14.7,6
2023-01-10,40736.0,,31.0,26.0,28.0,34.2,26.0,29.6,64.8,18.4,4
2023-01-11,39458.0,,28.5,24.0,26.1,32.2,24.0,27.1,78.9,16.6,2
2023-01-12,42590.0,,31.4,24.0,27.1,36.0,24.0,28.8,78.0,12.1,4
2023-01-13,44306.0,,32.8,25.0,28.0,38.6,25.0,30.3,78.4,14.3,5
2023-01-14,44805.0,,32.7,24.2,28.3,38.4,24.2,30.3,75.5,13.9,6
2023-01-15,41644.0,,33.3,24.6,28.1,37.6,24.6,29.1,69.6,13.4,6
2023-01-16,40896.0,,33.7,24.0,28.0,36.2,24.0,29.0,65.8,11.6,6
2023-01-17,41998.0,,32.9,23.0,27.9,35.9,23.0,29.0,67.8,16.6,5
2023-01-18,39780.0,,32.1,23.5,27.6,34.7,23.5,28.3,60.8,22.8,5
2023-01-19,38438.0,,32.5,21.2,26.8,33.9,21.2,27.0,56.8,14.8,5
2023-01-20,38351.0,,32.1,22.0,26.7,33.4,22.0,27.1,56.9,13.0,6
2023-01-21,36674.0,,32.9,22.2,26.9,32.9,22.2,26.9,53.7,19.1,6
2023-01-22,34638.0,,33.0,21.2,26.8,33.3,21.2,26.8,52.6,12.5,7
2023-01-23,39326.0,,35.2,22.2,28.1,36.0,22.2,28.1,52.5,12.5,7
2023-01-24,41070.0,,33.2,23.2,28.3,34.7,23.2,28.9,54.1,21.4,4
2023-01-25,34135.0,,29.5,21.0,24.7,29.9,21.0,24.8,53.4,22.3,7
2023-01-26,34379.0,,32.2,20.2,26.1,32.3,20.2,26.0,53.6,14.3,7
2023-01-27,37990.0,,32.2,22.2,27.1,32.9,22.2,27.3,55.3,14.3,6
2023-01-28,33316.0,,30.1,21.2,25.3,31.9,21.2,25.5,57.7,16.7,4
2023-01-29,27545.0,,29.6,20.0,24.1,30.5,20.0,24.1,53.0,19.5,6
2023-01-30,30026.0,,28.6,19.2,22.9,28.4,19.2,22.9,48.4,17.5,7
2023-01-31,30912.0,,32.0,19.2,25.0,31.7,19.2,24.8,47.6,10.7,6
2023-02-01,40219.0,,34.1,20.7,27.1,35.0,20.7,27.0,51.3,9.8,5
2023-02-02,37575.0,,35.2,23.2,28.9,38.4,23.2,29.8,56.9,12.1,5
2023-02-03,43840.0,,31.7,27.0,29.3,36.2,29.6,32.7,68.2,13.4,3
2023-02-04,45100.0,,33.0,26.7,28.9,39.3,29.6,33.1,75.9,17.6,5
2023-02-05,46177.0,,34.0,25.8,28.6,40.5,25.8,31.3,74.6,15.7,5
2023-02-06,48222.0,,33.3,26.0,28.8,40.0,26.0,32.1,78.0,19.5,6
2023-02-07,46720.0,,32.7,26.0,28.9,38.4,26.0,31.8,73.8,17.9,6
2023-02-08,51107.0,,34.7,26.0,29.5,39.0,26.0,32.8,72.4,17.0,7
2023-02-09,49624.0,,33.3,26.6,29.2,39.0,26.6,33.3,74.7,18.9,5
2023-02-10,49481.0,,33.7,26.0,29.1,38.3,26.0,32.1,72.6,19.8,5
2023-02-11,44969.0,,34.5,26.0,29.6,38.1,26.0,32.4,69.5,18.4,8
2023-02-12,47103.0,,34.5,26.2,29.5,39.4,26.2,33.2,72.8,18.5,9
2023-02-13,51362.0,,33.5,26.2,29.3,40.2,26.2,33.2,74.4,17.9,8
2023-02-14,53605.0,,35.7,26.0,29.9,41.7,26.0,34.2,73.5,14.3,9
2023-02-15,44622.0,,28.0,24.4,26.3,32.7,24.4,28.1,87.3,26.9,6
2023-02-16,41835.0,,30.3,23.1,26.6,33.0,23.1,27.6,74.7,21.3,8
2023-02-17,40278.0,,30.4,25.0,27.0,33.0,25.0,27.4,63.9,20.0,8
2023-02-18,40651.0,,33.3,23.2,27.7,35.1,23.2,28.4,58.9,16.1,9
2023-02-19,43354.0,,34.8,24.2,29.0,39.0,24.2,30.4,58.1,13.0,9
2023-02-20,42179.0,,32.9,25.2,28.8,35.2,25.2,30.1,57.6,18.9,7
2023-02-21,45108.0,,33.6,23.5,28.6,35.2,23.5,29.4,57.6,17.9,7
2023-02-22,31565.0,,33.8,22.9,28.7,34.4,22.9,29.3,57.0,20.0,7
2023-02-23,42988.0,,33.7,23.7,28.9,35.1,23.7,29.4,53.5,12.4,7
2023-02-24,44418.0,,36.1,23.7,29.6,37.2,23.7,30.0,52.9,17.0,7
2023-02-25,43448.0,,32.0,23.2,28.3,33.7,23.2,28.8,50.4,28.2,7
2023-02-26,34421.0,,30.6,22.0,26.3,31.4,22.0,26.4,53.1,20.4,7
2023-02-27,36656.0,,30.3,20.2,25.7,31.9,20.2,25.9,55.3,16.2,6
2023-02-28,42159.0,,32.9,22.0,27.4,35.6,22.0,27.8,53.0,16.5,7
2023-03-01,43627.0,,34.7,23.7,29.2,37.4,23.7,30.2,53.2,13.9,7
2023-03-02,43329.0,,34.8,25.6,30.4,36.3,25.6,31.3,49.7,18.4,6
2023-03-03,43430.0,,33.6,24.3,28.9,34.4,24.3,29.2,49.0,16.9,6
2023-03-04,39758.0,,33.0,23.7,28.3,34.3,23.7,28.7,53.1,21.9,5
2023-03-05,41235.0,,33.5,23.2,28.2,35.2,23.2,28.8,55.1,18.9,6
2023-03-06,40570.0,,33.7,24.2,28.6,34.3,24.2,29.1,54.7,21.9,6
2023-03-07,44539.0,,34.4,24.0,29.3,36.4,24.0,30.1,56.6,10.7,5
2023-03-08,49922.0,,34.7,25.2,29.8,38.6,25.2,31.6,63.6,12.1,5
2023-03-09,51371.0,,34.0,26.2,29.8,40.0,26.2,33.0,68.9,13.4,5
2023-03-10,54052.0,,34.5,26.7,29.7,38.9,29.5,33.5,69.7,11.2,5
2023-03-11,53124.0,,33.7,26.7,29.4,39.8,29.5,33.8,73.1,18.9,4
2023-03-12,52839.0,,33.7,27.0,29.6,39.8,30.0,34.3,73.0,17.0,4
2023-03-13,46884.0,,32.0,24.5,28.3,34.7,24.5,30.0,67.3,19.1,5
2023-03-14,45212.0,,33.0,24.2,28.6,35.0,24.2,29.6,58.5,16.2,6
2023-03-15,50739.0,,33.5,25.0,28.8,37.8,25.0,31.6,70.3,14.4,7
2023-03-16,52728.0,,33.5,26.7,29.4,40.2,26.7,33.4,72.2,18.9,7
2023-03-17,53741.0,,34.5,27.0,29.6,38.4,29.6,33.3,69.1,19.8,6
2023-03-18,53042.0,,35.0,27.0,29.9,40.4,29.6,34.1,69.7,19.4,8
2023-03-19,53390.0,,33.7,27.0,29.8,39.8,30.0,34.3,71.1,21.4,9
2023-03-20,55713.0,,34.7,27.0,30.2,41.3,30.0,35.0,70.6,23.7,9
2023-03-21,55795.0,,35.2,27.0,30.3,41.7,30.0,35.5,71.3,22.8,9
2023-03-22,56328.0,,35.2,27.0,30.4,43.2,30.0,35.9,71.7,22.3,10
2023-03-23,57740.0,,35.5,28.0,30.6,41.9,32.3,36.3,70.7,20.9,10
2023-03-24,63657.0,,36.0,28.0,30.8,44.3,32.5,37.0,72.2,21.0,10
2023-03-25,59268.0,,36.2,28.0,30.9,43.5,32.5,37.1,71.8,21.0,10
2023-03-26,57448.0,,36.0,28.0,31.1,42.5,32.5,37.2,69.9,19.4,10
2023-03-27,58624.0,,35.5,28.0,30.8,42.3,32.5,36.5,70.3,19.4,10
2023-03-28,57758.0,,34.5,28.0,30.5,41.0,31.5,35.8,69.6,27.4,8
2023-03-29,55693.0,,35.7,27.0,30.8,39.3,30.1,34.7,64.2,22.3,8
2023-03-30,58141.0,,34.5,26.0,30.0,42.8,26.0,35.0,72.0,23.2,6
2023-03-31,59114.0,,35.7,28.0,31.1,44.4,32.5,37.3,69.8,25.0,7
2023-04-01,58785.0,,35.5,28.7,31.0,41.3,33.3,36.9,69.1,21.9,6
2023-04-02,58023.0,,33.9,28.2,30.4,42.6,32.9,36.3,71.4,20.0,6
2023-04-03,56070.0,,37.2,28.0,31.8,41.1,32.5,35.6,59.3,18.0,7
2023-04-04,56581.0,,37.2,28.2,31.8,41.8,32.3,36.4,61.9,21.4,7
2023-04-05,56390.0,,37.5,27.5,31.8,40.2,29.4,34.9,56.6,16.6,7
2023-04-06,56584.0,,37.5,28.2,32.1,45.7,32.9,38.1,65.0,17.9,7
2023-04-07,58938.0,,32.5,29.0,30.2,40.1,32.0,35.7,70.9,23.2,3
2023-04-08,56604.0,,36.5,28.0,31.3,43.0,32.3,37.1,68.4,23.7,9
2023-04-09,57048.0,,37.0,27.0,31.3,45.2,30.1,37.0,67.7,20.5,6
2023-04-10,60331.0,,36.5,28.2,31.6,44.1,32.9,38.3,69.3,22.8,9
2023-04-11,59652.0,,36.5,29.0,32.1,45.8,34.3,39.4,68.3,22.8,6
2023-04-12,58937.0,,35.7,29.0,31.9,45.1,35.6,39.9,71.2,26.4,6
2023-04-13,56762.0,,36.7,29.0,32.3,43.6,36.2,39.4,66.9,20.5,10
2023-04-14,54627.0,,36.7,29.1,32.2,45.7,35.2,39.2,66.2,19.5,10
2023-04-15,59434.0,,36.7,28.9,32.1,45.4,35.0,39.6,68.9,16.6,5
2023-04-16,55471.0,,32.7,29.0,30.4,41.3,32.7,37.3,74.1,23.7,3
2023-04-17,57834.0,,36.7,28.2,31.9,45.7,32.3,37.6,64.5,18.9,9
2023-04-18,57494.0,,35.7,29.0,31.9,44.7,34.5,39.1,68.6,23.7,5
2023-04-19,58993.0,,37.5,29.7,32.4,46.3,36.2,40.1,67.7,21.0,6
2023-04-20,58430.0,,38.5,28.9,33.0,43.2,33.5,38.3,59.2,23.7,7
2023-04-21,58665.0,,38.5,29.3,33.2,45.6,34.1,38.4,57.7,19.8,7
2023-04-22,57736.0,,37.7,29.7,33.2,46.0,36.2,39.5,60.7,19.4,6
2023-04-23,61567.0,,36.7,28.2,32.4,46.0,33.2,39.4,65.4,21.9,7
2023-04-24,59383.0,,37.7,29.0,32.3,45.3,34.6,39.1,65.7,14.8,6
2023-04-25,58086.0,,38.2,27.0,31.5,47.5,29.5,37.7,67.7,22.8,8
2023-04-26,56456.0,,29.4,25.3,27.5,34.7,25.3,30.3,80.1,25.9,3
2023-04-27,59071.0,,35.7,25.7,30.5,42.8,25.7,34.9,70.6,17.7,6
2023-04-28,60585.0,,35.1,27.0,31.1,42.2,30.1,37.4,69.5,27.4,6
2023-04-29,60598.0,,36.5,28.2,32.1,44.7,33.0,39.1,67.5,18.4,7
2023-04-30,53024.0,,30.7,24.7,28.5,38.9,24.7,32.7,79.5,20.4,4
2023-05-01,55951.0,,36.5,26.0,30.7,42.8,26.0,35.1,68.5,12.1,7
2023-05-02,58632.0,,34.7,27.2,30.9,44.1,31.1,37.7,72.6,28.8,8
2023-05-03,59853.0,,37.5,27.5,31.9,43.5,32.2,38.4,67.6,19.4,7
2023-05-04,58832.0,,36.5,29.0,32.3,45.6,34.9,39.5,67.0,20.5,7
2023-05-05,61827.0,,38.2,30.0,33.4,47.5,36.2,41.1,63.4,18.9,8
2023-05-06,61638.0,,39.4,30.4,34.2,48.2,35.9,41.4,58.8,18.6,8
2023-05-07,59367.0,,39.5,30.7,34.5,47.6,38.0,41.7,57.4,19.8,8
2023-05-08,59908.0,,37.7,29.0,32.8,47.2,32.5,40.6,65.1,28.2,6
2023-05-09,59772.0,,36.3,27.7,31.6,43.2,31.2,37.7,66.5,18.0,6
2023-05-10,57876.0,,34.5,25.2,29.2,41.6,25.2,33.1,74.5,19.8,6
2023-05-11,57491.0,,33.0,27.4,30.2,41.9,32.1,36.5,74.6,23.1,5
2023-05-12,58723.0,,35.5,26.5,31.7,43.6,26.5,37.2,65.2,22.8,7
2023-05-13,58583.0,,35.1,26.0,30.5,41.3,26.0,34.7,71.4,20.5,9
2023-05-14,53635.0,,36.5,27.5,31.4,42.2,31.3,36.3,64.8,19.8,7
2023-05-15,57960.0,,36.2,28.0,31.6,42.4,31.8,37.1,65.9,17.0,7
2023-05-16,55538.0,,36.7,27.7,31.9,41.5,31.6,36.3,60.8,16.6,8
2023-05-17,56479.0,,38.1,28.7,32.7,43.0,32.1,37.7,58.5,17.6,7
2023-05-18,57879.0,,38.0,29.2,33.1,44.1,32.1,38.7,58.0,22.2,8
2023-05-19,56971.0,,38.0,29.1,33.2,43.8,31.5,38.2,55.3,19.1,8
2023-05-20,58533.0,,38.2,28.9,33.1,44.7,30.6,37.5,53.4,19.5,7
2023-05-21,57021.0,,38.5,29.8,33.5,44.6,33.3,39.0,56.2,22.3,7
2023-05-22,59207.0,,37.2,29.7,33.0,45.0,34.0,39.4,60.6,20.0,8
2023-05-23,59027.0,,36.7,29.2,32.0,44.3,32.9,37.3,61.4,30.7,7
2023-05-24,49818.0,,36.5,28.0,31.7,43.9,30.7,37.1,63.3,19.5,7
2023-05-25,66576.0,,35.5,27.6,31.7,42.4,31.6,37.4,64.3,20.5,8
2023-05-26,67281.0,,37.1,29.0,32.9,44.5,32.0,38.4,58.1,21.3,7
2023-05-27,52243.0,,38.1,28.0,32.3,47.2,33.0,38.1,62.4,18.2,8
2023-05-28,57008.0,,35.5,26.7,30.6,43.9,29.4,35.7,68.5,21.8,7
2023-05-29,58737.0,,34.0,26.2,29.1,41.9,26.2,33.4,77.4,17.3,4
2023-05-30,61936.0,,34.9,26.2,29.4,44.6,26.2,34.0,77.8,28.3,8
2023-05-31,62065.0,,36.0,26.4,30.9,42.7,26.4,36.6,71.7,21.0,8
2023-06-01,64713.0,,36.2,29.0,32.2,43.7,32.7,38.1,62.5,25.0,8
2023-06-02,66016.0,,36.5,28.7,32.4,43.8,32.4,38.3,61.4,19.1,8
2023-06-03,59155.0,,36.5,29.0,32.3,44.3,32.5,38.1,61.8,19.8,8
2023-06-04,61644.0,,36.2,29.0,32.0,43.0,33.6,38.4,65.6,22.8,7
2023-06-05,54983.0,,34.7,29.2,31.6,43.5,33.1,37.2,63.6,19.8,6
2023-06-06,63095.0,,34.5,27.7,30.5,41.8,31.5,35.8,68.3,23.7,6
2023-06-07,63321.0,,34.5,25.7,30.6,41.8,25.7,36.1,71.0,23.2,6
2023-06-08,62231.0,,34.2,25.0,28.9,41.9,25.0,32.2,76.1,24.7,6
2023-06-09,62392.0,,31.7,27.2,29.7,38.8,30.0,34.4,71.0,21.0,2
2023-06-10,61369.0,,33.5,28.7,30.5,39.4,33.5,35.9,69.6,19.4,7
2023-06-11,60658.0,,34.5,28.0,30.5,40.6,31.4,35.5,67.9,26.4,9
2023-06-12,60491.0,,34.2,28.0,29.9,40.6,30.6,34.5,69.2,26.5,6
2023-06-13,60962.0,,32.7,27.0,29.7,39.0,30.0,34.9,73.1,26.3,5
2023-06-14,59796.0,,33.5,27.0,30.0,39.9,30.2,35.2,71.5,25.0,6
2023-06-15,61877.0,,33.5,27.7,30.5,39.6,31.9,35.9,70.1,17.5,6
2023-06-16,64146.0,,33.7,29.0,30.9,40.0,32.7,36.9,69.5,22.3,6
2023-06-17,61231.0,,35.2,25.2,30.3,42.2,25.2,35.9,72.4,21.3,9
2023-06-18,57085.0,,32.5,27.2,29.1,39.5,30.3,34.3,78.9,25.9,4
2023-06-19,61232.0,,34.2,26.0,29.7,39.9,26.0,33.9,73.2,15.7,6
2023-06-20,64516.0,,35.4,28.2,30.9,41.6,33.8,36.8,70.1,18.5,8
2023-06-21,61867.0,,35.1,28.0,31.4,43.1,32.7,37.2,67.6,19.1,8
2023-06-22,61600.0,,36.0,25.0,30.2,42.9,25.0,34.5,71.8,20.7,8
2023-06-23,69434.0,,37.7,28.5,32.3,44.3,32.8,37.9,62.2,27.3,8
2023-06-24,60021.0,,35.7,28.9,31.6,40.5,32.5,35.9,60.1,25.0,7
2023-06-25,58697.0,,35.0,28.6,31.2,40.4,31.8,35.2,60.6,21.9,7
2023-06-26,58564.0,,34.0,28.0,31.1,38.3,31.3,34.6,58.7,24.0,6
2023-06-27,60953.0,,35.9,27.7,31.5,42.3,30.5,35.9,61.0,17.9,8
2023-06-28,63316.0,,36.2,27.0,31.5,44.0,30.3,36.7,65.1,15.8,8
2023-06-29,65629.0,,36.2,27.0,31.3,45.1,30.6,36.9,67.7,21.9,8
2023-06-30,66249.0,,34.7,26.8,31.0,44.2,30.1,37.4,71.0,21.3,7
2023-07-01,64218.0,,34.7,26.7,30.2,43.5,29.7,36.8,76.8,20.7,9
2023-07-02,62843.0,,34.5,25.3,30.0,42.2,25.3,35.4,75.1,43.5,7
2023-07-03,62170.0,,33.5,26.2,29.8,39.1,26.2,34.0,73.7,25.0,8
2023-07-04,62128.0,,32.6,27.2,29.7,39.6,31.0,34.5,71.4,20.0,6
2023-07-05,60362.0,,33.3,24.5,28.7,40.1,24.5,32.4,79.5,16.1,5
2023-07-06,61481.0,,35.0,26.0,30.2,41.8,26.0,34.4,70.0,14.8,8
2023-07-07,65235.0,,35.7,28.2,31.7,43.4,31.5,37.5,65.1,18.9,9
2023-07-08,64761.0,,34.4,28.7,30.9,42.1,32.6,37.9,72.9,20.0,9
2023-07-09,53777.0,,31.9,26.7,28.3,39.3,29.9,33.2,83.1,17.0,7
2023-07-10,58363.0,,32.5,26.0,28.8,39.2,26.0,32.9,79.7,17.6,7
2023-07-11,61685.0,,33.2,26.2,29.4,40.5,26.2,34.2,77.2,18.4,4
2023-07-12,63344.0,,34.8,26.2,30.8,42.7,26.2,36.1,69.2,13.9,8
2023-07-13,62526.0,,35.9,28.0,31.4,43.6,31.4,37.2,66.6,18.6,9
2023-07-14,62635.0,,35.5,28.0,31.5,42.6,31.1,36.2,61.9,28.3,7
2023-07-15,60884.0,,35.2,28.0,31.5,41.5,30.4,35.6,58.9,28.3,9
2023-07-16,55716.0,,33.7,28.8,31.0,39.2,31.8,35.1,61.2,24.0,7
2023-07-17,60375.0,,34.3,28.0,30.6,39.8,30.6,34.2,61.2,27.3,6
2023-07-18,58882.0,,32.5,28.0,30.1,37.8,30.3,33.4,61.5,30.2,7
2023-07-19,60486.0,,33.7,28.0,30.5,37.9,30.5,33.7,60.3,25.9,5
2023-07-20,60850.0,,34.2,27.2,29.7,40.7,30.4,33.9,69.1,22.3,6
2023-07-21,63554.0,,32.8,27.2,29.9,40.6,30.9,34.9,72.0,16.6,6
2023-07-22,56314.0,,32.7,25.0,28.4,41.0,25.0,32.7,83.0,17.0,8
2023-07-23,55043.0,,33.0,25.7,28.5,41.6,25.7,32.9,83.0,17.3,8
2023-07-24,59506.0,,33.8,25.3,29.2,40.5,25.3,32.6,75.5,15.3,10
2023-07-25,59628.0,,33.5,27.2,30.4,40.3,30.3,35.0,66.4,24.5,9
2023-07-26,61859.0,,34.5,28.3,30.9,40.8,31.5,35.3,62.4,26.8,8
2023-07-27,62112.0,,35.0,28.7,31.6,40.2,31.8,35.5,58.1,30.7,9
2023-07-28,59544.0,,34.1,28.4,30.9,39.8,31.8,34.7,61.0,31.1,8
2023-07-29,60299.0,,34.2,28.7,30.8,39.8,32.0,35.0,63.1,26.4,8
2023-07-30,56817.0,,31.8,27.7,29.7,38.3,31.7,34.9,72.7,27.3,5
2023-07-31,61815.0,,32.5,26.7,29.8,39.1,29.9,35.2,73.8,18.9,5
2023-08-01,62523.0,,33.1,28.0,30.5,40.8,31.9,36.8,71.9,20.0,7
2023-08-02,64053.0,,32.0,28.0,29.7,38.7,31.2,35.7,76.1,18.9,3
2023-08-03,60844.0,,32.5,25.2,29.0,39.5,25.2,34.0,80.1,27.9,5
2023-08-04,61619.0,,32.7,27.2,29.6,38.9,31.3,34.5,75.0,21.9,6
2023-08-05,60122.0,,34.5,27.0,30.3,40.1,29.7,34.9,67.7,21.4,9
2023-08-06,57030.0,,33.7,28.2,30.2,39.4,31.5,35.3,69.2,24.6,7
2023-08-07,62147.0,,32.7,27.2,30.1,38.6,30.0,35.0,69.1,20.0,5
2023-08-08,60539.0,,33.7,25.8,29.6,40.8,25.8,34.1,71.6,23.7,6
2023-08-09,61785.0,,33.7,26.5,29.9,41.1,26.5,34.9,73.3,21.3,7
2023-08-10,64298.0,,34.7,26.2,30.4,42.9,26.2,35.4,69.6,19.8,8
2023-08-11,62842.0,,34.7,27.8,30.8,41.5,31.1,36.0,67.6,19.4,9
2023-08-12,61190.0,,34.6,26.2,29.9,41.6,26.2,34.7,71.9,20.4,7
2023-08-13,60690.0,,35.0,27.7,30.7,43.6,31.2,36.4,70.6,23.7,8
2023-08-14,58234.0,,34.7,27.9,30.8,41.7,31.7,36.7,70.1,30.1,8
2023-08-15,63874.0,,34.5,27.0,30.0,41.0,29.8,34.8,69.5,22.3,6
2023-08-16,62456.0,,33.1,27.0,30.0,39.6,29.5,34.4,68.0,19.1,5
2023-08-17,60879.0,,34.7,26.0,29.8,40.7,26.0,33.3,66.6,28.2,8
2023-08-18,62060.0,,35.2,26.4,30.6,42.0,26.4,34.8,65.7,23.2,8
2023-08-19,61809.0,,35.4,28.0,31.6,42.5,30.5,36.5,62.0,25.4,8
2023-08-20,57194.0,,35.7,25.7,30.2,42.5,25.7,34.6,70.1,17.6,8
2023-08-21,63377.0,,33.0,25.2,28.5,40.6,25.2,32.5,80.9,26.4,7
2023-08-22,63022.0,,33.5,26.2,29.3,40.5,26.2,33.7,77.0,26.3,6
2023-08-23,60818.0,,32.7,25.2,28.4,39.8,25.2,31.8,80.3,22.8,7
2023-08-24,60150.0,,33.7,26.3,28.5,40.6,26.3,32.3,78.6,20.5,9
2023-08-25,61885.0,,33.5,26.0,29.0,40.8,26.0,32.5,74.0,28.9,8
2023-08-26,61060.0,,33.2,26.9,29.6,40.2,29.8,34.3,72.8,22.8,9
2023-08-27,56102.0,,34.5,27.2,30.7,40.6,29.8,34.9,63.8,21.8,7
2023-08-28,63609.0,,34.7,28.0,30.9,41.6,30.8,35.6,63.9,19.4,8
2023-08-29,62006.0,,33.0,28.2,30.4,40.0,31.0,35.0,66.5,18.9,5
2023-08-30,62699.0,,33.7,28.5,30.3,41.4,33.1,36.1,72.3,18.0,5
2023-08-31,62793.0,,35.7,24.6,29.6,43.1,24.6,33.7,76.5,24.9,9
2023-09-01,63359.0,,33.7,25.9,29.5,41.6,25.9,33.8,77.9,21.3,8
2023-09-02,61832.0,,34.7,27.8,30.6,42.7,31.2,36.5,71.1,20.0,8
2023-09-03,57918.0,,34.3,27.7,30.8,43.4,30.9,36.3,67.9,17.6,9
2023-09-04,64899.0,,34.0,26.7,30.3,42.1,29.9,35.9,73.4,20.3,7
2023-09-05,60217.0,,33.5,28.2,30.7,39.3,31.5,35.2,64.0,22.8,8
2023-09-06,59069.0,,32.7,27.2,30.1,39.1,29.9,34.5,67.3,20.4,6
2023-09-07,62227.0,,33.0,27.9,30.6,39.3,31.1,35.5,66.3,15.2,5
2023-09-08,62144.0,,34.7,27.2,30.7,41.4,30.3,35.3,65.9,20.4,8
2023-09-09,59110.0,,35.0,26.0,29.8,41.6,26.0,33.8,71.0,25.5,8
2023-09-10,55038.0,,32.0,26.1,28.5,38.2,26.1,32.2,81.9,17.0,7
2023-09-11,61010.0,,32.0,25.2,28.5,37.2,25.2,32.0,79.1,20.7,3
2023-09-12,58469.0,,31.7,27.2,28.8,36.9,30.4,32.9,74.9,23.7,7
2023-09-13,58566.0,,32.5,26.2,28.8,38.0,26.2,32.9,74.9,17.9,5
2023-09-14,56678.0,,32.7,25.6,28.5,38.8,25.6,31.7,78.3,21.8,5
2023-09-15,58388.0,,32.0,26.1,28.7,37.5,26.1,32.4,75.7,23.1,7
2023-09-16,55645.0,,32.2,26.7,28.9,38.5,26.7,32.6,72.8,17.9,9
2023-09-17,54030.0,,32.7,25.2,29.1,39.8,25.2,33.5,76.9,21.8,10
2023-09-18,60310.0,,31.9,25.2,27.9,40.0,25.2,30.8,83.6,17.9,5
2023-09-19,60114.0,,32.9,26.0,29.5,41.2,26.0,33.9,76.4,12.4,8
2023-09-20,58061.0,,35.0,27.0,30.5,43.4,30.5,36.5,72.2,15.6,9
2023-09-21,55180.0,,35.3,23.7,28.3,44.1,23.7,31.4,81.0,23.2,9
2023-09-22,57065.0,,33.3,24.7,28.7,41.7,24.7,32.3,78.3,16.6,8
2023-09-23,51961.0,,32.8,26.2,28.6,40.4,26.2,32.7,79.2,11.6,8
2023-09-24,54952.0,,32.7,27.0,29.0,40.4,30.5,34.4,80.2,15.2,6
2023-09-25,59745.0,,34.2,26.7,29.5,43.4,30.0,35.2,79.4,10.3,8
2023-09-26,57769.0,,32.8,24.2,28.4,41.0,24.2,32.5,82.5,14.9,7
2023-09-27,56052.0,,31.4,25.2,27.6,38.9,25.2,30.8,86.5,18.0,4
2023-09-28,55108.0,,30.8,25.2,27.6,37.9,25.2,30.9,86.9,25.9,7
2023-09-29,54845.0,,32.0,26.0,28.5,38.6,26.0,31.8,80.5,21.0,6
2023-09-30,52876.0,,32.5,25.2,27.9,38.9,25.2,30.3,83.2,15.2,4
2023-10-01,60874.0,,33.6,26.2,29.5,41.1,26.2,33.8,74.5,20.9,5
2023-10-02,50371.0,,33.0,26.2,29.5,40.1,26.2,33.8,73.2,17.0,5
2023-10-03,58480.0,,34.5,25.7,29.2,42.6,25.7,33.3,77.5,18.1,6
2023-10-04,54858.0,,31.2,25.0,27.7,37.2,25.0,30.9,85.1,10.6,4
2023-10-05,55125.0,,31.8,26.0,28.2,39.9,26.0,32.5,85.5,12.5,4
2023-10-06,53707.0,,32.0,26.2,28.5,39.5,26.2,33.7,84.5,13.0,4
2023-10-07,51101.0,,32.5,26.0,28.9,38.8,26.0,33.3,79.2,15.7,6
2023-10-08,53103.0,,32.4,26.0,28.8,38.9,26.0,32.9,79.6,20.5,4
2023-10-09,57367.0,,32.8,26.2,29.3,39.9,26.2,33.2,73.7,14.3,6
2023-10-10,56415.0,,31.0,25.2,27.6,38.0,25.2,30.5,84.8,12.1,4
2023-10-11,55920.0,,31.8,25.7,28.3,39.5,25.7,32.2,83.1,17.0,8
2023-10-12,58750.0,,33.0,26.6,29.5,40.2,26.6,34.8,77.0,13.9,8
2023-10-13,56208.0,,34.0,27.0,30.2,42.0,31.0,36.4,76.0,16.6,8
2023-10-14,53435.0,,34.7,27.2,30.8,41.7,30.8,36.2,68.5,17.5,8
2023-10-15,55468.0,,34.0,27.6,30.6,40.9,32.1,36.9,72.9,17.0,8
2023-10-16,58244.0,,32.5,25.9,29.3,38.5,25.9,33.8,76.5,13.0,4
2023-10-17,55761.0,,33.5,27.2,30.2,38.5,30.8,34.4,67.5,16.5,7
2023-10-18,55555.0,,33.1,27.2,29.5,40.2,30.6,34.7,75.1,16.1,7
2023-10-19,55538.0,,32.7,26.0,28.6,38.9,26.0,32.9,78.9,14.8,8
2023-10-20,56160.0,,34.4,27.0,30.3,40.7,30.6,35.8,72.9,19.9,8
2023-10-21,54088.0,,30.4,24.2,27.4,37.4,24.2,30.3,84.0,13.0,6
2023-10-22,51628.0,,32.9,25.0,28.5,38.9,25.0,31.9,79.3,26.1,5
2023-10-23,52033.0,,33.4,26.2,29.6,39.2,26.2,33.9,71.5,13.4,8
2023-10-24,59636.0,,32.7,27.0,29.5,40.7,30.5,34.8,75.9,13.4,8
2023-10-25,56022.0,,32.8,26.9,29.5,39.4,30.3,34.6,75.4,15.2,7
2023-10-26,56632.0,,32.8,27.0,29.6,39.2,30.5,35.0,75.7,12.5,8
2023-10-27,57474.0,,32.9,25.7,29.3,40.3,25.7,34.5,77.8,13.9,8
2023-10-28,55753.0,,31.1,27.2,28.9,39.8,31.1,34.5,80.6,15.2,6
2023-10-29,54238.0,,31.5,26.4,28.5,39.5,26.4,33.6,83.4,18.4,4
2023-10-30,57198.0,,32.7,26.2,28.1,39.8,26.2,32.4,83.2,23.7,6
2023-10-31,58624.0,,32.2,25.9,28.8,38.8,25.9,32.6,76.1,15.2,8
2023-11-01,47967.0,,33.2,26.2,29.4,38.2,26.2,33.4,70.7,16.1,8
2023-11-02,53668.0,,33.0,26.2,29.6,38.9,26.2,33.8,70.1,13.9,8
2023-11-03,56463.0,,34.3,27.0,30.4,42.1,30.2,35.7,70.5,10.7,8
2023-11-04,53110.0,,32.7,25.2,29.1,41.0,25.2,34.1,78.1,18.0,7
2023-11-05,48756.0,,33.5,25.7,28.1,42.7,25.7,31.7,82.3,12.4,7
2023-11-06,55321.0,,34.0,25.7,29.3,43.0,25.7,33.6,77.5,14.3,7
2023-11-07,53685.0,,33.2,26.0,28.0,42.3,26.0,31.2,81.7,17.1,7
2023-11-08,53762.0,,33.8,25.4,28.9,42.7,25.4,33.0,79.1,11.1,8
2023-11-09,53332.0,,31.4,26.6,28.5,39.3,26.6,33.2,80.6,16.1,4
2023-11-10,53216.0,,33.0,25.7,28.6,41.8,25.7,33.0,81.4,14.9,7
2023-11-11,50405.0,,32.5,25.6,28.3,41.0,25.6,32.5,83.5,18.1,6
2023-11-12,50350.0,,32.2,26.0,28.6,40.7,26.0,32.5,79.5,13.9,4
2023-11-13,56969.0,,33.4,26.5,29.6,41.4,26.5,34.4,73.8,15.7,7
2023-11-14,55681.0,,33.4,27.7,30.0,40.8,31.4,35.0,70.6,18.9,6
2023-11-15,52740.0,,33.3,26.2,29.5,39.4,26.2,33.1,68.3,15.2,7
2023-11-16,53113.0,,33.6,26.5,29.3,39.7,26.5,33.4,71.7,15.7,7
2023-11-17,42220.0,,29.8,24.2,27.0,31.7,24.2,27.8,66.2,17.0,8
2023-11-18,34874.0,,29.9,21.5,25.6,30.0,21.5,25.6,55.8,17.5,7
2023-11-19,32605.0,,30.0,21.5,25.6,30.1,21.5,25.7,57.9,16.1,7
2023-11-20,36545.0,,31.5,21.2,26.3,32.7,21.2,26.8,59.0,13.4,7
2023-11-21,35799.0,,32.2,23.0,27.5,33.7,23.0,28.3,60.6,13.4,6
2023-11-22,38760.0,,33.4,23.5,28.4,35.6,23.5,29.9,63.6,12.5,6
2023-11-23,42557.0,,33.2,24.0,28.8,34.9,24.0,30.1,60.1,12.5,6
2023-11-24,42169.0,,33.5,24.7,28.7,37.1,24.7,30.4,63.6,15.2,5
2023-11-25,40723.0,,32.8,23.5,28.2,33.9,23.5,29.2,59.6,14.3,5
2023-11-26,43075.0,,32.9,25.2,29.2,36.5,25.2,31.3,60.9,13.4,4
2023-11-27,43924.0,,32.4,25.5,28.8,35.9,25.5,30.9,66.8,21.2,5
2023-11-28,40555.0,,31.7,24.2,27.5,33.0,24.2,28.0,58.1,17.6,5
2023-11-29,39868.0,,31.8,23.7,27.4,33.2,23.7,28.1,60.2,17.0,5
2023-11-30,43678.0,,34.0,25.0,29.3,37.6,25.0,31.0,60.3,16.1,6
2023-12-01,45826.0,,33.6,26.2,29.6,38.7,26.2,32.8,65.0,18.0,4
2023-12-02,44511.0,,32.4,24.5,28.9,38.7,24.5,32.2,74.2,17.1,5
2023-12-03,44817.0,,33.3,26.2,29.5,41.9,26.2,33.5,70.2,17.9,6
2023-12-04,49915.0,,32.6,25.2,28.6,39.3,25.2,31.6,75.3,17.9,4
2023-12-05,46745.0,,33.0,26.2,29.2,38.9,26.2,33.2,73.9,18.6,7
2023-12-06,51873.0,,34.7,26.5,29.9,41.9,26.5,34.2,71.7,15.7,6
2023-12-07,49735.0,,32.6,25.2,28.4,37.1,25.2,31.0,71.3,22.3,6
2023-12-08,49648.0,,33.0,25.2,29.0,38.9,25.2,31.6,68.8,10.7,5
2023-12-09,47909.0,,33.1,25.2,29.6,39.0,25.2,33.0,67.2,9.7,4
2023-12-10,45177.0,,34.7,26.0,30.0,40.0,26.0,33.5,67.9,13.4,7
2023-12-11,50002.0,,34.1,26.2,30.0,41.1,26.2,34.0,70.4,10.7,4
2023-12-12,52879.0,,34.7,26.6,30.4,39.0,26.6,34.1,66.8,17.5,4
2023-12-13,52210.0,,33.5,26.5,29.9,38.9,26.5,34.0,69.0,15.2,5
2023-12-14,51964.0,,34.0,25.7,29.8,38.8,25.7,32.9,65.0,16.6,8
2023-12-15,52085.0,,34.5,26.0,30.3,39.1,26.0,33.5,63.5,10.7,5
2023-12-16,51562.0,,35.3,26.8,30.7,39.1,29.2,34.2,62.0,13.0,6
2023-12-17,48086.0,,34.0,27.0,30.5,38.0,29.5,34.2,62.7,22.3,6
2023-12-18,49272.0,,33.0,25.2,29.2,36.9,25.2,31.4,61.9,13.9,6
2023-12-19,49331.0,,34.2,25.0,29.7,36.5,25.0,31.9,61.1,13.2,6
2023-12-20,47319.0,,34.1,26.2,29.8,37.3,26.2,32.1,60.8,14.8,6
2023-12-21,43665.0,,32.0,24.2,27.6,33.6,24.2,28.3,59.0,20.5,6
2023-12-22,35625.0,,29.1,21.0,24.4,29.6,21.0,24.5,56.7,20.0,6
2023-12-23,31473.0,,28.3,19.2,23.5,28.2,19.2,23.5,52.5,19.5,6
2023-12-24,31946.0,,26.3,21.2,23.9,26.3,21.2,23.9,50.9,20.0,3
2023-12-25,32237.0,,28.4,21.2,24.4,28.4,21.2,24.4,52.3,17.7,4
2023-12-26,33730.0,,30.4,22.2,25.5,31.3,22.2,25.6,52.9,15.2,6
2023-12-27,37174.0,,32.5,21.7,26.8,33.4,21.7,27.3,58.0,11.6,6
2023-12-28,39080.0,,32.9,23.2,27.8,34.0,23.2,28.5,57.4,13.9,6
2023-12-29,37715.0,,33.4,24.0,28.4,35.5,24.0,29.3,57.7,13.4,6
2023-12-30,39260.0,,34.0,24.1,28.8,38.1,24.1,30.4,60.5,15.7,6
2023-12-31,42938.0,,34.9,25.2,29.6,38.8,25.2,31.5,60.4,11.2,6
2024-01-01,41868.0,,34.4,25.2,29.8,37.7,25.2,31.8,60.6,11.2,6
2024-01-02,44227.0,,34.3,25.7,29.7,37.0,25.7,31.4,60.1,13.4,5
2024-01-03,43854.0,,35.0,25.5,29.9,35.7,25.5,30.6,52.9,18.0,5
2024-01-04,44095.0,,32.6,24.5,28.7,35.9,24.5,30.1,58.7,22.3,6
2024-01-05,43502.0,,33.8,25.2,29.1,35.8,25.2,30.3,58.4,14.8,5
2024-01-06,43245.0,,34.2,24.2,29.1,36.3,24.2,30.2,56.7,13.9,6
2024-01-07,39878.0,,34.0,25.0,29.2,35.5,25.0,30.2,56.1,15.2,6
2024-01-08,42557.0,,34.8,24.2,29.4,37.5,24.2,30.7,58.2,11.2,6
2024-01-09,49061.0,,34.1,25.0,29.5,38.5,25.0,31.5,62.6,11.6,5
2024-01-10,51154.0,,35.0,25.2,29.8,39.2,25.2,32.6,66.0,13.9,5
2024-01-11,54585.0,,33.8,26.0,29.7,39.3,26.0,33.2,71.2,11.6,5
2024-01-12,53915.0,,34.0,27.0,29.8,39.1,30.5,34.0,70.9,13.0,4
2024-01-13,53171.0,,33.6,27.0,29.8,39.4,30.5,34.3,72.0,17.0,5
2024-01-14,48998.0,,33.4,25.2,29.3,38.4,25.2,32.2,67.7,19.5,6
2024-01-15,44005.0,,33.1,25.2,28.9,35.3,25.2,30.2,59.0,13.5,5
2024-01-16,48226.0,,33.4,24.0,28.8,36.2,24.0,30.0,59.1,13.9,6
2024-01-17,45314.0,,33.2,24.2,28.6,36.6,24.2,29.8,60.0,24.6,6
2024-01-18,44121.0,,34.3,23.7,29.1,37.1,23.7,30.3,59.1,13.9,5
2024-01-19,47041.0,,34.8,25.7,29.8,38.2,25.7,31.3,58.6,10.7,8
2024-01-20,45817.0,,34.5,25.0,29.4,38.3,25.0,31.5,64.3,15.2,5
2024-01-21,45751.0,,34.2,25.5,29.6,39.5,25.5,32.2,66.8,13.0,5
2024-01-22,43270.0,,34.5,24.5,29.5,37.3,24.5,30.7,61.1,13.9,5
2024-01-23,47522.0,,31.2,26.2,28.7,34.0,26.2,31.2,66.9,21.0,5
2024-01-24,38168.0,,29.0,24.2,26.9,30.9,24.2,27.5,59.6,21.9,5
2024-01-25,37588.0,,30.3,23.2,25.8,31.9,23.2,26.2,62.2,21.3,4
2024-01-26,36184.0,,32.3,23.0,26.8,34.5,23.0,27.4,57.7,20.0,6
2024-01-27,43362.0,,33.2,24.2,28.3,36.2,24.2,29.4,59.4,20.5,6
2024-01-28,40060.0,,32.4,25.2,28.5,36.7,25.2,29.7,59.1,23.2,4
2024-01-29,43983.0,,32.1,25.0,28.5,35.2,25.0,29.4,56.5,24.6,6
2024-01-30,44767.0,,32.5,26.0,28.8,37.4,26.0,30.8,62.0,15.7,6
2024-01-31,45490.0,,33.3,24.2,28.7,38.7,24.2,30.9,65.4,11.6,5
2024-02-01,47024.0,,33.4,25.5,28.9,39.2,25.5,32.3,73.3,12.5,5
2024-02-02,50487.0,,34.5,26.0,29.7,38.8,26.0,33.9,71.7,15.2,5
2024-02-03,46996.0,,34.5,27.0,30.0,41.0,30.5,34.9,73.0,16.7,6
2024-02-04,49172.0,,34.7,27.6,30.5,41.0,31.9,35.2,68.5,14.3,6
2024-02-05,54350.0,,35.0,27.0,30.5,42.8,30.5,35.6,71.7,13.4,6
2024-02-06,53619.0,,35.5,27.0,30.6,42.1,30.6,35.7,71.6,15.2,7
2024-02-07,51548.0,,35.2,26.5,30.2,40.6,26.5,34.8,71.7,16.2,6
2024-02-08,52024.0,,35.2,27.0,30.0,40.2,30.5,34.7,72.7,17.9,6
2024-02-09,49475.0,,35.5,26.2,30.1,41.0,26.2,34.7,71.8,17.6,6
2024-02-10,49110.0,,33.2,27.8,29.8,38.2,29.7,34.6,72.0,22.3,6
2024-02-11,42271.0,,33.0,24.2,28.1,34.6,24.2,28.7,54.7,21.4,6
2024-02-12,40198.0,,32.5,23.2,27.6,33.4,23.2,28.0,54.1,20.5,5
2024-02-13,42143.0,,34.6,22.5,28.4,35.4,22.5,28.9,54.9,19.5,5
2024-02-14,45487.0,,36.9,24.0,30.0,38.9,24.0,30.8,53.7,11.2,6
2024-02-15,41530.0,,35.7,25.7,30.3,41.9,25.7,34.3,68.7,16.2,6
2024-02-16,59324.0,,35.7,27.6,30.4,41.9,32.3,35.8,71.8,17.6,6
2024-02-17,52878.0,,34.5,25.9,29.5,40.0,25.9,34.1,74.1,23.2,6
2024-02-18,51082.0,,34.2,27.0,29.9,39.1,30.0,34.0,69.2,20.3,7
2024-02-19,50301.0,,33.7,26.2,29.3,38.7,26.2,32.8,72.2,21.4,7
2024-02-20,51967.0,,34.7,27.0,30.2,39.3,30.5,34.7,69.5,23.2,8
2024-02-21,51540.0,,34.5,27.8,30.4,39.4,31.7,35.0,68.4,25.9,8
2024-02-22,52547.0,,34.7,28.0,30.4,40.1,32.5,35.5,70.1,18.5,7
2024-02-23,54502.0,,35.5,27.9,30.8,41.0,32.5,36.2,70.5,19.4,7
2024-02-24,51088.0,,35.5,28.0,30.8,40.5,31.9,36.0,68.9,17.6,6
2024-02-25,50065.0,,35.7,28.0,30.9,42.0,32.3,36.3,69.3,22.3,6
2024-02-26,51866.0,,35.7,27.2,30.8,43.0,30.6,36.2,69.6,16.2,7
2024-02-27,53755.0,,35.7,27.7,30.9,40.9,32.5,35.9,67.7,19.1,6
2024-02-28,55599.0,,35.5,27.0,30.4,41.7,30.6,35.9,71.3,21.0,7
2024-02-29,54287.0,,35.5,28.0,30.4,40.9,31.9,35.9,71.0,23.2,7
2024-03-01,54244.0,,34.7,28.0,31.0,40.6,31.7,36.0,66.7,18.5,6
2024-03-02,54090.0,,35.0,28.6,30.6,41.4,34.0,36.5,70.8,18.4,5
2024-03-03,54349.0,,35.7,28.0,30.9,41.9,31.9,36.6,69.1,18.5,4
2024-03-04,55263.0,,36.2,28.6,31.5,44.2,34.3,37.9,68.5,22.8,6
2024-03-05,55601.0,,37.7,28.2,31.6,43.5,33.2,37.6,68.2,19.4,7
2024-03-06,56992.0,,36.2,28.0,31.2,45.0,33.3,37.5,71.4,23.2,7
2024-03-07,60738.0,,36.7,28.0,31.2,44.0,32.7,37.5,70.6,18.9,5
2024-03-08,57639.0,,35.7,28.2,31.0,42.1,33.2,37.0,70.5,24.6,6
2024-03-09,53990.0,,33.7,29.0,30.7,40.3,33.6,36.6,70.0,21.0,4
2024-03-10,51139.0,,36.0,28.0,31.2,41.3,32.1,36.8,67.4,20.5,8
2024-03-11,57741.0,,35.7,28.7,31.3,42.5,34.1,37.3,68.4,21.0,8
2024-03-12,59438.0,,34.5,28.8,30.8,42.8,34.3,37.2,71.3,20.5,5
2024-03-13,56857.0,,34.0,28.7,30.6,41.9,32.9,36.4,70.1,22.8,3
2024-03-14,55661.0,,36.5,28.2,31.7,42.5,32.2,36.6,63.2,21.0,7
2024-03-15,56094.0,,35.5,28.8,31.5,43.6,34.3,38.0,68.6,22.8,7
2024-03-16,51440.0,,33.5,28.5,30.2,38.4,33.4,35.8,71.6,21.9,7
2024-03-17,50488.0,,35.7,27.5,30.9,40.1,31.4,35.2,65.1,18.0,7
2024-03-18,52867.0,,36.2,27.1,30.8,41.3,31.0,35.9,69.1,21.4,7
2024-03-19,53834.0,,35.5,27.7,30.6,41.3,30.7,35.9,69.5,25.9,6
2024-03-20,46486.0,,27.7,25.2,26.7,31.5,25.2,28.4,83.9,19.9,2
2024-03-21,48146.0,,33.8,24.7,28.7,39.4,24.7,30.9,69.3,8.0,4
2024-03-22,51814.0,,35.5,26.6,30.6,41.2,26.6,34.8,66.1,25.5,6
2024-03-23,53357.0,,35.5,28.0,30.8,41.8,31.1,36.2,68.6,26.0,7
2024-03-24,54640.0,,36.5,28.5,31.4,44.0,33.6,37.9,70.2,19.4,7
2024-03-25,57294.0,,36.5,28.2,31.6,43.8,33.2,38.2,69.0,20.0,7
2024-03-26,57674.0,,34.7,29.0,31.2,43.6,34.5,37.9,70.6,20.3,6
2024-03-27,53855.0,,35.7,27.6,31.1,40.7,31.7,36.7,68.4,19.5,7
2024-03-28,56241.0,,36.2,28.9,31.6,41.3,34.0,36.9,65.0,20.5,7
2024-03-29,59477.0,,36.6,28.9,32.0,41.7,35.0,37.9,64.9,19.8,8
2024-03-30,60402.0,,37.2,28.9,32.1,41.8,35.0,37.4,62.9,24.8,8
2024-03-31,60126.0,,36.6,28.9,32.3,42.9,34.4,38.0,62.7,24.1,9
2024-04-01,60389.0,,37.5,29.3,32.7,41.7,35.7,37.5,59.0,23.2,10
2024-04-02,63922.0,,36.6,29.0,32.1,44.3,35.0,38.8,67.0,24.3,7
2024-04-03,64298.0,,35.7,29.2,31.9,43.9,35.8,39.5,69.7,24.1,7
2024-04-04,67156.0,,36.5,29.0,31.8,45.3,35.8,39.9,72.2,21.4,7
2024-04-05,66630.0,,35.7,28.2,31.8,46.6,33.8,40.1,72.7,22.8,8
2024-04-06,66747.0,,36.5,29.7,32.3,45.6,37.1,40.8,70.6,21.0,8
2024-04-07,61516.0,,37.5,29.7,32.6,44.4,37.1,40.0,66.1,21.9,8
2024-04-08,58233.0,,37.7,29.6,32.9,42.4,35.8,38.8,61.4,20.0,10
2024-04-09,68761.0,,37.5,30.0,33.0,48.0,36.5,41.1,65.5,21.4,9
2024-04-10,64830.0,,36.2,30.0,32.4,48.2,37.1,40.7,68.3,20.4,8
2024-04-11,66927.0,,38.7,28.5,32.8,48.2,32.5,39.9,64.3,20.7,10
2024-04-12,65682.0,,36.7,29.2,32.3,47.0,35.8,40.5,69.4,21.9,9
2024-04-13,60404.0,,37.5,29.7,32.5,46.2,33.4,40.3,67.5,22.3,7
2024-04-14,58930.0,,36.7,29.8,32.6,44.9,37.1,40.0,66.1,23.7,10
2024-04-15,59031.0,,37.5,29.9,32.5,45.8,37.1,40.2,67.0,24.6,8
2024-04-16,58089.0,,37.5,29.6,32.5,45.1,36.7,39.6,65.8,21.9,9
2024-04-17,68408.0,,36.7,29.7,32.5,47.1,35.9,39.9,65.8,24.1,10
2024-04-18,68828.0,,37.2,29.9,32.8,46.1,36.2,40.3,65.3,28.2,10
2024-04-19,67349.0,,37.5,30.0,32.8,45.9,37.1,40.2,64.8,25.0,10
2024-04-20,61915.0,,38.6,30.2,33.4,47.2,37.5,40.0,60.8,21.9,10
2024-04-21,59942.0,,39.5,30.0,33.9,45.1,37.4,39.8,57.6,21.0,10
2024-04-22,68015.0,,37.5,30.0,33.3,46.9,36.2,41.3,64.3,22.8,10
2024-04-23,67711.0,,37.5,30.2,33.0,47.2,37.5,41.2,65.8,23.2,7
2024-04-24,67484.0,,37.7,30.0,32.9,45.8,37.1,40.4,64.9,25.5,8
2024-04-25,65028.0,,38.7,29.7,33.1,45.3,36.2,39.6,61.5,26.4,8
2024-04-26,67136.0,,37.5,29.2,32.9,47.8,35.8,40.2,64.2,24.6,8
2024-04-27,68533.0,,38.2,30.0,33.3,49.2,38.4,42.6,67.3,30.1,8
2024-04-28,67073.0,,37.7,30.4,33.2,47.8,39.1,42.4,67.5,25.9,8
2024-04-29,71375.0,,38.5,30.4,33.4,48.1,39.1,42.6,66.6,25.0,8
2024-04-30,66991.0,,40.0,30.6,33.8,51.3,39.1,42.0,63.2,26.4,8
2024-05-01,64476.0,,38.2,31.0,33.9,51.2,36.5,40.7,58.8,24.1,7
2024-05-02,69163.0,,38.0,31.0,33.5,47.3,38.2,41.5,63.6,27.4,7
2024-05-03,69745.0,,38.5,30.0,33.5,46.9,38.0,41.8,64.5,19.8,8
2024-05-04,67793.0,,36.7,30.1,32.7,46.5,38.6,41.9,69.9,14.2,7
2024-05-05,64931.0,,39.1,30.0,33.4,49.1,38.0,41.8,65.4,12.3,7
2024-05-06,67591.0,,37.4,29.8,32.8,48.5,37.3,41.7,68.4,12.5,7
2024-05-07,57290.0,,31.4,24.7,27.2,41.5,24.7,29.6,85.0,17.5,2
2024-05-08,58880.0,,35.9,25.1,30.1,41.2,25.1,33.0,66.7,9.6,8
2024-05-09,62576.0,,35.6,28.4,31.1,45.9,31.4,38.1,71.1,10.4,8
2024-05-10,62658.0,,35.7,26.9,30.8,44.4,29.6,36.6,69.6,13.4,5
2024-05-11,59467.0,,33.4,26.7,29.8,41.3,29.4,36.0,77.1,12.7,7
2024-05-12,57922.0,,36.6,26.9,30.3,45.9,30.2,36.6,75.0,10.5,8
2024-05-13,61540.0,,34.6,25.0,29.3,46.4,25.0,34.9,80.3,16.5,6
2024-05-14,58150.0,,35.8,25.3,30.2,43.4,25.3,34.1,70.8,19.2,8
2024-05-15,61045.0,,36.7,28.2,32.1,46.7,33.8,39.7,68.6,9.3,7
2024-05-16,61865.0,,34.1,28.0,30.1,43.6,32.2,38.1,80.7,11.7,7
2024-05-17,63435.0,,35.0,28.8,31.3,45.5,34.8,39.5,74.9,11.1,8
2024-05-18,60106.0,,33.7,28.2,30.9,45.2,33.8,39.2,77.3,9.5,5
2024-05-19,60411.0,,34.3,25.9,30.3,45.1,25.9,37.8,78.6,10.6,9
2024-05-20,65527.0,,35.7,26.2,30.4,47.5,26.2,37.6,79.8,12.1,6
2024-05-21,61971.0,,33.1,26.4,29.4,43.1,26.4,35.9,82.6,13.0,8
2024-05-22,53460.0,,34.0,26.6,29.6,43.9,26.6,35.1,79.6,11.2,9
2024-05-23,58151.0,,30.5,26.2,28.0,39.0,26.2,32.6,87.4,7.3,4
2024-05-24,56923.0,,32.7,25.6,28.9,42.5,25.6,34.2,82.6,10.0,4
2024-05-25,62221.0,,34.4,27.5,30.3,45.2,31.9,37.5,77.3,12.1,6
2024-05-26,60040.0,,34.2,25.6,30.0,45.4,25.6,36.6,77.8,18.8,8
2024-05-27,63165.0,,35.5,25.9,30.6,46.9,25.9,36.7,74.3,10.5,9
2024-05-28,61752.0,,35.6,27.2,31.6,46.9,30.8,38.6,69.9,11.3,9
2024-05-29,60302.0,,35.0,28.7,31.9,44.4,33.4,39.2,68.1,11.6,10
2024-05-30,60535.0,,35.5,26.0,30.9,46.4,26.0,36.4,70.3,10.9,8
2024-05-31,61697.0,,33.6,26.1,29.3,43.8,26.1,34.7,80.7,10.5,5
2024-06-01,55003.0,,31.9,26.9,29.5,39.9,30.2,35.6,79.0,11.1,5
2024-06-02,54814.0,,34.6,28.0,30.8,42.5,31.9,36.6,69.6,10.7,6
2024-06-03,53593.0,,34.1,28.0,30.9,42.2,31.2,36.1,65.6,11.3,7
2024-06-04,60167.0,,35.1,28.5,31.5,46.2,32.1,38.0,67.1,9.9,10
2024-06-05,60656.0,,34.4,27.7,30.9,42.4,31.9,37.2,71.3,10.7,7
2024-06-06,60284.0,,33.7,27.3,30.6,42.6,30.0,36.3,69.3,12.1,10
2024-06-07,60285.0,,34.3,27.4,30.6,42.0,30.1,35.9,67.6,11.5,6
2024-06-08,56406.0,,34.8,28.2,31.1,43.6,31.2,36.2,64.0,13.3,9
2024-06-09,56032.0,,34.4,27.3,30.4,42.0,30.2,35.5,67.7,14.7,7
2024-06-10,55865.0,,31.9,28.3,29.7,38.4,31.9,34.4,69.8,16.1,4
2024-06-11,57668.0,,33.1,28.4,30.0,40.4,32.0,35.1,71.0,13.0,8
2024-06-12,58176.0,,33.5,27.8,29.6,40.6,31.9,35.1,74.9,13.9,7
2024-06-13,60319.0,,35.1,26.9,31.0,45.4,29.9,37.5,71.6,10.8,9
2024-06-14,62091.0,,35.1,27.8,31.3,45.5,31.0,38.2,70.4,12.1,9
2024-06-15,62888.0,,36.2,27.5,31.6,46.5,30.6,38.3,67.8,11.7,8
2024-06-16,59555.0,,36.9,27.8,31.9,47.5,30.9,38.4,66.0,13.3,8
2024-06-17,62875.0,,34.6,25.5,29.7,44.9,25.5,34.9,76.9,10.3,8
2024-06-18,59817.0,,35.2,26.4,30.4,45.1,26.4,35.4,70.7,10.4,8
2024-06-19,60984.0,,35.7,27.4,31.0,45.7,30.1,37.1,69.3,12.5,9
2024-06-20,61133.0,,36.5,27.1,30.9,45.4,29.7,36.5,68.1,16.1,9
2024-06-21,62734.0,,34.5,27.5,30.7,43.8,30.3,36.3,68.6,11.4,9
2024-06-22,59901.0,,33.9,27.6,30.8,43.3,30.4,36.4,67.7,12.6,8
2024-06-23,57345.0,,33.2,28.2,30.2,40.9,30.9,35.0,67.8,15.0,6
2024-06-24,59139.0,,31.8,27.1,29.5,40.0,29.5,33.8,70.2,12.5,6
2024-06-25,57409.0,,31.8,25.1,28.7,39.2,25.1,32.6,76.5,12.5,6
2024-06-26,52243.0,,29.7,25.9,27.1,36.5,25.9,29.7,87.8,10.2,4
2024-06-27,48867.0,,33.5,25.7,29.3,41.0,25.7,34.2,79.1,8.9,7
2024-06-28,70918.0,,35.0,27.7,30.7,44.0,31.7,37.2,73.1,10.4,9
2024-06-29,58475.0,,31.5,27.0,29.2,41.3,30.1,35.8,82.3,10.0,6
2024-06-30,53119.0,,33.4,25.9,29.4,41.7,25.9,34.8,79.1,12.0,8
2024-07-01,55298.0,,32.4,26.4,29.2,40.5,26.4,33.9,76.2,10.6,5
2024-07-02,55058.0,,35.3,26.1,30.2,43.5,26.1,34.6,69.2,9.9,9
2024-07-03,55267.0,,33.5,27.3,29.8,42.0,30.8,35.7,76.0,10.0,5
2024-07-04,56838.0,,29.4,24.9,27.1,36.4,24.9,30.2,87.0,8.5,6
2024-07-05,54557.0,,30.8,24.2,27.6,38.4,24.2,31.0,82.7,12.5,7
2024-07-06,54642.0,,34.3,25.5,29.2,43.1,25.5,33.3,76.0,12.2,9
2024-07-07,53802.0,,34.1,26.5,30.2,41.9,26.5,35.1,70.4,9.4,9
2024-07-08,58595.0,,32.7,27.2,29.6,43.2,31.2,35.9,78.6,8.9,8
2024-07-09,58624.0,,32.4,26.9,29.5,43.1,30.1,35.8,78.5,7.9,6
2024-07-10,59731.0,,31.3,27.2,29.1,40.8,30.7,35.2,80.6,8.9,8
2024-07-11,53142.0,,31.8,25.8,28.5,39.9,25.8,32.6,79.4,12.2,9
2024-07-12,53186.0,,32.8,26.0,28.9,40.9,26.0,32.8,74.4,10.5,9
2024-07-13,51733.0,,32.0,25.6,28.7,37.7,25.6,32.4,74.1,16.6,5
2024-07-14,50615.0,,33.4,26.5,29.3,40.4,26.5,33.1,70.1,21.9,9
2024-07-15,56242.0,,31.6,27.1,28.5,40.1,29.7,32.9,77.7,10.5,4
2024-07-16,52897.0,,31.4,25.9,28.3,38.0,25.9,31.6,75.4,15.4,5
2024-07-17,55120.0,,33.2,26.5,29.8,42.1,26.5,34.4,69.6,12.1,10
2024-07-18,54389.0,,31.1,26.2,28.9,37.7,26.2,33.4,75.7,10.1,5
2024-07-19,55528.0,,31.1,26.9,28.6,38.4,29.8,33.7,80.2,12.0,5
2024-07-20,53712.0,,31.9,27.2,29.3,41.2,30.4,35.0,78.3,12.5,7
2024-07-21,54080.0,,33.5,25.2,29.1,42.6,25.2,34.0,80.3,10.7,7
2024-07-22,55655.0,,32.6,26.0,28.6,41.1,26.0,33.0,82.5,12.0,6
2024-07-23,57802.0,,32.8,26.9,29.1,40.6,30.0,34.1,76.7,21.3,9
2024-07-24,54645.0,,31.9,26.4,28.7,39.2,26.4,32.5,74.8,15.2,8
2024-07-25,54741.0,,30.3,26.4,27.6,36.8,26.4,31.6,83.8,16.5,4
2024-07-26,58047.0,,31.5,27.0,28.4,39.5,30.5,33.6,84.0,11.3,6
2024-07-27,54655.0,,31.5,26.7,28.9,41.3,30.6,35.3,84.7,13.5,7
2024-07-28,54567.0,,32.0,27.1,28.8,40.1,31.7,34.4,83.7,8.9,5
2024-07-30,0.0,,31.2,26.4,28.6,39.2,26.4,33.4,83.4,11.5,5
2024-07-31,0.0,,31.6,27.0,29.0,39.3,30.5,34.6,80.2,13.2,6
2024-08-01,0.0,,32.2,27.6,29.5,40.4,32.1,35.6,78.7,16.8,4
2024-08-02,0.0,,32.6,26.4,28.9,42.1,26.4,34.1,80.7,10.2,4
2024-08-03,0.0,,32.2,24.9,28.4,41.0,24.9,33.7,83.5,13.7,5
2024-08-04,0.0,,32.3,24.2,27.5,41.6,24.2,30.9,83.8,11.8,7
2024-08-05,0.0,,32.5,24.7,28.2,41.2,24.7,31.9,80.6,12.0,9
2024-08-06,0.0,,33.7,26.1,29.4,43.4,26.1,34.4,76.8,11.3,9
2024-08-07,0.0,,32.9,25.6,28.7,42.0,25.6,32.9,81.3,12.7,8
2024-08-08,0.0,,33.8,26.4,29.3,42.3,26.4,34.2,79.1,8.2,9
2024-08-09,0.0,,34.9,27.4,30.8,45.0,31.4,37.5,73.5,12.1,9
2024-08-10,0.0,,35.3,27.4,31.1,46.2,31.1,38.0,71.7,15.9,9
2024-08-11,0.0,,35.6,28.0,31.0,46.8,31.4,37.7,71.2,13.9,8
2024-08-12,0.0,,33.6,25.2,29.8,39.2,25.2,33.9,71.2,24.3,8
2024-08-13,0.0,,34.4,25.9,29.0,43.5,25.9,33.3,79.8,11.3,9
2024-08-14,0.0,,34.5,27.0,30.2,44.2,30.4,36.5,75.5,11.7,8
2024-08-15,0.0,,35.1,27.5,30.9,45.8,31.6,37.9,73.6,11.9,9
2024-08-16,0.0,,34.9,27.9,30.6,45.0,31.8,37.1,73.0,15.7,8
2024-08-17,0.0,,34.6,27.6,30.5,45.0,31.2,37.0,73.8,10.3,9
2024-08-18,0.0,,34.6,26.8,30.3,43.6,30.0,37.1,76.8,10.7,7
2024-08-19,0.0,,34.6,27.8,30.7,42.9,32.2,37.4,72.8,10.4,8
2024-08-20,0.0,,32.9,25.1,29.0,42.0,25.1,33.6,79.5,12.9,7
2024-08-21,0.0,,33.0,25.3,29.1,41.9,25.3,33.8,78.8,10.9,6
2024-08-22,0.0,,34.4,26.9,30.5,43.9,29.5,36.5,73.0,11.0,9
2024-08-23,0.0,,35.2,27.7,30.8,44.8,31.2,36.7,70.2,10.6,8
2024-08-24,0.0,,33.9,25.1,29.5,44.2,25.1,35.4,79.4,9.9,8
2024-08-25,0.0,,32.1,25.1,28.7,39.9,25.1,32.6,79.8,7.5,6
2024-08-26,0.0,,34.0,25.9,29.8,42.4,25.9,34.7,73.0,9.9,9
2024-08-27,0.0,,33.9,26.6,29.6,43.7,26.6,34.6,75.8,10.3,10
2024-08-28,0.0,,32.1,25.0,28.6,42.0,25.0,32.9,81.7,13.4,7
2024-08-29,0.0,,30.6,26.8,28.5,38.7,29.9,33.3,79.8,11.2,7
2024-08-30,0.0,,32.0,25.8,28.9,39.2,25.8,32.8,72.8,11.5,10
2024-08-31,0.0,,34.0,26.7,29.5,43.9,28.7,33.9,70.3,18.0,9
2024-09-01,0.0,,35.6,25.7,29.9,45.3,25.7,34.3,70.5,15.2,9
2024-09-02,0.0,51857.0,30.6,25.1,27.8,39.7,25.1,31.7,85.1,8.7,5
2024-09-03,0.0,52817.5,30.6,26.1,27.9,39.3,26.1,31.5,85.5,10.1,6
2024-09-04,0.0,50493.5,33.1,25.8,28.9,41.5,25.8,32.8,78.2,13.9,8
2024-09-05,0.0,49655.5,33.5,26.5,29.3,40.2,26.5,33.7,72.8,10.0,9
2024-09-06,0.0,52470.0,33.7,26.7,29.8,41.0,26.7,34.1,70.1,20.5,8
2024-09-07,0.0,51133.25,32.6,27.0,29.8,39.9,29.8,34.8,71.8,10.6,9
2024-09-08,0.0,52643.0,32.1,27.6,29.5,40.1,30.7,34.8,74.8,10.6,7
2024-09-09,0.0,51884.25,31.7,27.4,29.3,39.1,30.5,34.5,75.0,12.2,6
2024-09-10,0.0,54162.0,33.2,27.7,30.1,42.8,31.7,36.0,74.3,14.9,6
2024-09-11,0.0,50899.75,31.5,26.2,29.1,39.3,26.2,34.0,77.0,9.2,4
2024-09-12,0.0,52486.25,32.7,25.8,28.5,42.3,25.8,32.6,81.9,8.6,7
2024-09-13,0.0,54388.75,32.0,25.6,28.7,40.6,25.6,32.8,80.5,27.2,6
2024-09-14,0.0,53086.75,32.9,25.3,28.6,41.9,25.3,32.4,81.0,10.9,6
2024-09-15,0.0,49565.25,32.6,25.5,28.3,40.0,25.5,31.7,78.5,16.2,8
2024-09-16,0.0,51222.5,34.4,26.9,29.7,43.0,29.4,34.5,71.7,12.2,8
2024-09-17,0.0,51991.0,33.8,26.9,29.4,43.8,29.5,34.8,75.4,11.0,6
2024-09-18,0.0,51007.75,31.4,25.3,27.4,37.9,25.3,30.6,85.9,9.7,8
2024-09-19,0.0,51717.5,33.9,25.8,28.9,41.4,25.8,33.1,79.8,11.9,7
2024-09-20,0.0,53508.25,32.2,26.9,28.9,41.0,30.0,34.1,80.0,11.2,6
2024-09-21,0.0,51721.5,31.8,26.0,28.5,39.5,26.0,32.9,82.8,12.8,4
2024-09-22,0.0,48999.75,32.0,26.9,29.1,38.7,30.0,34.5,78.6,12.8,6
2024-09-23,0.0,50379.0,33.9,26.5,29.2,41.3,26.5,33.7,78.5,9.8,7
2024-09-24,0.0,49538.25,30.0,25.3,27.9,36.6,25.3,32.2,85.9,11.8,4
2024-09-25,0.0,50508.5,31.7,25.2,27.7,40.7,25.2,31.2,86.1,7.4,7
2024-09-26,0.0,51341.0,33.9,25.9,29.2,41.8,25.9,34.4,79.6,8.5,8
2024-09-27,0.0,52284.75,33.8,26.8,29.4,43.1,30.1,35.5,80.3,12.1,8
2024-09-28,0.0,50559.75,33.6,26.5,29.8,42.2,26.5,36.0,77.9,12.6,8
2024-09-29,0.0,51287.0,34.8,28.0,30.8,44.8,33.1,38.6,76.7,12.4,6
2024-09-30,0.0,56882.0,35.7,25.6,31.0,46.2,25.6,37.4,72.6,17.1,7
2024-10-01,0.0,55510.5,33.1,25.0,29.2,44.0,25.0,34.4,80.5,11.4,6
2024-10-02,0.0,54043.5,34.0,25.2,29.5,42.6,25.2,35.1,79.8,10.6,5
2024-10-03,0.0,50382.0,34.2,25.2,28.4,43.1,25.2,32.5,82.6,9.9,6
2024-10-04,0.0,50574.0,31.6,25.1,27.5,38.3,25.1,30.1,83.2,10.0,5
2024-10-05,0.0,50618.0,33.2,25.8,29.1,40.1,25.8,33.3,78.8,7.9,6
2024-10-06,0.0,49065.0,33.9,26.9,30.0,42.0,29.8,34.6,70.9,10.4,6
2024-10-07,0.0,53637.0,34.4,26.5,30.0,40.1,26.5,34.5,72.4,6.3,7
2024-10-08,0.0,52558.0,33.8,26.7,29.7,41.4,29.6,35.1,75.1,7.9,6
2024-10-09,0.0,50754.0,32.5,26.6,28.8,38.9,26.6,33.2,78.7,8.7,6
2024-10-10,0.0,51312.0,33.6,26.2,29.1,40.7,26.2,33.9,78.6,10.3,7
2024-10-11,0.0,51956.0,34.3,26.6,29.7,41.2,26.6,34.3,74.9,8.9,7
2024-10-12,0.0,51162.0,33.8,27.0,29.9,42.0,30.2,35.7,75.3,13.5,5
2024-10-13,0.0,48860.0,33.9,26.4,28.8,41.7,26.4,33.7,80.4,8.8,7
2024-10-14,0.0,49526.0,35.2,26.1,29.4,42.8,26.1,34.4,79.1,8.3,8
2024-10-15,0.0,52499.0,33.8,26.7,30.0,41.4,29.5,36.0,75.4,7.1,8
2024-10-16,0.0,50857.0,33.3,26.8,28.9,40.9,29.7,34.1,79.0,10.4,7
2024-10-17,0.0,50754.0,34.0,26.3,30.0,40.9,26.3,34.6,72.5,7.4,6
2024-10-18,0.0,52482.0,32.9,24.2,28.0,41.5,24.2,31.4,82.6,9.3,5
2024-10-19,0.0,49551.0,33.1,24.9,28.0,40.0,24.9,31.3,82.8,8.5,6
2024-10-20,0.0,49859.5,32.2,25.6,28.4,39.5,25.6,32.4,81.9,11.3,5
2024-10-21,0.0,52488.5,32.8,25.5,28.4,40.6,25.5,32.3,83.2,13.9,8
2024-10-22,0.0,49824.5,33.1,26.5,28.3,40.5,26.5,32.3,81.6,10.9,8
2024-10-23,0.0,47178.5,32.8,23.8,28.6,41.1,23.8,32.7,79.3,12.8,8
2024-10-24,0.0,51080.0,34.7,26.6,29.1,41.5,26.6,33.3,76.7,8.9,8
2024-10-25,0.0,52708.5,34.9,26.3,29.9,42.3,26.3,35.1,75.8,9.2,8
2024-10-26,0.0,51499.0,35.6,27.1,31.0,42.8,30.7,37.0,70.2,13.1,8
2024-10-27,0.0,52372.5,35.2,28.2,31.4,44.3,32.6,37.9,68.6,17.8,8
2024-10-28,0.0,53475.0,33.9,27.0,29.8,40.6,30.7,35.3,74.5,11.6,8
2024-10-29,0.0,53714.0,32.8,26.6,29.7,39.9,26.6,35.2,75.6,11.4,8
2024-10-30,0.0,52365.0,33.4,24.2,28.5,40.1,24.2,32.1,76.9,9.3,7
2024-10-31,0.0,52615.0,34.4,26.4,29.7,41.8,26.4,34.1,74.6,7.9,7
2024-11-01,0.0,53098.0,34.0,27.0,29.2,40.9,30.2,33.8,75.8,9.5,8
2024-11-02,0.0,45950.5,34.2,26.4,29.7,40.2,26.4,32.6,67.7,15.4,7
2024-11-03,0.0,44133.5,33.9,26.2,29.7,36.9,26.2,32.0,60.1,10.6,7
2024-11-04,0.0,50837.0,32.9,26.9,29.8,36.8,28.8,33.1,64.0,8.6,6
2024-11-05,0.0,51043.0,32.7,27.1,28.8,37.3,29.4,32.2,70.2,11.2,6
2024-11-06,0.0,48916.0,30.4,26.4,28.4,34.1,26.4,31.2,72.3,11.8,4
2024-11-07,0.0,47838.0,32.1,27.1,29.3,36.6,29.5,32.7,66.7,15.7,6
2024-11-08,0.0,47469.0,33.6,27.0,29.8,37.7,28.9,32.8,62.6,11.0,8
2024-11-09,0.0,45432.0,32.6,26.6,29.6,36.6,26.6,32.7,64.8,8.7,8
2024-11-10,0.0,43135.0,35.0,25.7,29.9,36.9,25.7,31.6,60.2,8.7,7
2024-11-11,0.0,46627.0,35.1,26.4,30.2,37.9,26.4,32.4,58.1,7.0,7
2024-11-12,0.0,50113.0,34.4,26.1,30.1,39.0,26.1,33.5,64.6,6.8,7
2024-11-13,0.0,51184.0,35.7,27.1,30.8,40.6,30.0,35.2,64.8,6.4,7
2024-11-14,0.0,53847.0,34.8,26.8,30.5,41.3,29.7,35.4,68.8,7.2,6
2024-11-15,0.0,54021.0,31.4,26.6,28.4,39.5,26.6,33.6,83.6,9.5,5
2024-11-16,0.0,52698.0,34.6,25.8,29.8,43.3,25.8,35.3,76.8,9.9,8
2024-11-17,0.0,52301.0,32.6,26.6,28.8,40.1,26.6,33.9,80.2,10.5,4
2024-11-18,0.0,50675.0,32.0,26.0,28.8,35.1,26.0,30.7,68.9,15.4,7
2024-11-19,0.0,50965.0,32.9,25.7,29.3,36.5,25.7,31.7,63.8,19.7,7
2024-11-20,0.0,50976.0,32.6,25.3,29.1,35.9,25.3,31.7,66.2,14.6,7
2024-11-21,0.0,47427.0,32.6,25.3,29.0,35.6,25.3,31.2,62.6,17.7,6
2024-11-22,0.0,48676.0,33.5,26.3,29.7,36.7,26.3,32.1,61.2,12.3,6
2024-11-23,0.0,46990.0,33.8,26.5,29.6,37.9,26.5,32.7,64.4,8.8,7
2024-11-24,0.0,46557.0,33.2,26.6,29.7,37.4,26.6,32.9,64.0,10.8,5
2024-11-25,0.0,52659.0,34.0,27.0,30.4,38.8,29.4,34.3,64.3,13.8,5
2024-11-26,0.0,51637.0,34.7,27.5,30.6,40.4,30.3,34.7,64.2,11.9,6
2024-11-27,0.0,50315.0,33.8,27.3,30.1,38.8,30.2,34.0,64.8,13.4,6
2024-11-28,0.0,46854.0,32.7,25.9,29.4,35.4,25.9,31.3,57.9,16.1,6
2024-11-29,0.0,41719.0,31.0,24.0,27.2,32.2,24.0,27.7,58.4,11.3,5
2024-11-30,0.0,37486.0,31.8,22.4,26.7,32.3,22.4,27.0,57.8,11.5,6
2024-12-01,0.0,38682.0,31.0,23.0,27.1,31.5,23.0,27.5,58.0,14.1,5
2024-12-02,0.0,41507.0,34.7,23.3,28.5,36.1,23.3,29.5,59.9,10.5,6
2024-12-03,0.0,42195.0,35.1,25.2,29.5,37.9,25.2,31.4,60.5,10.5,6
2024-12-04,0.0,45414.0,35.2,25.0,29.8,38.3,25.0,31.9,61.7,11.7,7
2024-12-05,0.0,42461.0,34.7,26.6,30.0,38.3,26.6,32.2,58.9,9.8,6
2024-12-06,0.0,43276.0,34.8,26.2,29.8,36.4,26.2,31.4,56.9,9.3,7
2024-12-07,0.0,45905.0,35.0,26.0,30.2,39.6,26.0,32.9,60.9,10.5,5
2024-12-08,0.0,47615.0,32.7,27.8,30.1,36.6,30.6,33.1,61.1,11.1,4
2024-12-09,0.0,44889.0,32.3,25.2,28.7,35.3,25.2,30.4,60.5,15.4,6
2024-12-10,0.0,41430.0,33.8,25.0,28.8,36.3,25.0,30.4,61.0,8.3,6
2024-12-11,0.0,44942.0,35.0,26.2,29.9,38.0,26.2,32.1,60.2,10.6,6
2024-12-12,0.0,46150.0,33.6,27.2,30.1,37.4,29.4,33.2,61.4,11.6,4
2024-12-13,0.0,47705.0,30.6,24.4,28.3,34.7,24.4,31.1,70.8,9.1,4
2024-12-14,0.0,41188.0,30.3,26.0,27.7,33.8,26.0,29.1,69.1,9.4,4
2024-12-15,0.0,35181.0,31.0,24.0,27.1,31.5,24.0,27.4,57.3,10.5,6
2024-12-16,0.0,37121.0,30.5,23.8,27.1,30.8,23.8,27.5,52.6,9.4,6
2024-12-17,0.0,36843.0,32.7,23.4,27.3,32.7,23.4,27.5,54.0,8.1,5
2024-12-18,0.0,36017.0,32.6,23.8,27.6,33.2,23.8,28.1,56.7,15.9,5
2024-12-19,0.0,36020.0,31.8,23.5,27.5,32.4,23.5,27.7,53.7,11.7,5
2024-12-20,0.0,33803.0,30.2,22.2,25.9,30.2,22.2,25.9,55.2,7.2,5
2024-12-21,0.0,32985.0,31.9,21.3,26.1,32.1,21.3,26.3,59.8,7.8,5
2024-12-22,0.0,32325.0,29.6,21.8,25.3,29.2,21.8,25.4,56.5,10.7,5
2024-12-23,0.0,32626.0,30.5,20.7,25.1,29.9,20.7,25.0,55.4,8.5,5
2024-12-24,0.0,33347.0,31.7,22.3,26.5,33.2,22.3,27.0,59.5,6.8,6
2024-12-25,0.0,36573.0,31.3,22.7,26.8,32.5,22.7,27.2,59.0,11.2,5
2024-12-26,0.0,35414.0,31.2,24.4,27.6,32.7,24.4,28.4,57.7,9.7,5
2024-12-27,0.0,42187.0,34.0,25.5,29.2,36.7,25.5,31.0,60.3,11.2,6
2024-12-28,0.0,39560.0,32.7,25.7,28.7,34.5,25.7,30.3,61.3,10.8,4
2024-12-29,0.0,34958.0,31.8,23.5,27.4,33.6,23.5,27.8,56.1,9.1,6
2024-12-30,0.0,37831.0,32.8,23.7,27.8,35.0,23.7,28.2,55.6,9.6,6
2024-12-31,0.0,32511.0,32.1,22.6,26.9,32.0,22.6,26.9,55.3,9.0,6
2025-01-01,,32258.0,32.4,23.0,27.1,33.0,23.0,27.5,56.2,7.5,6
2025-01-02,,36542.0,33.4,21.4,27.3,33.8,21.4,27.5,55.3,9.1,6
2025-01-03,,35854.0,33.1,23.2,27.5,33.8,23.2,28.0,56.0,8.3,5
2025-01-04,,34458.0,32.0,24.1,27.3,32.8,24.1,27.6,54.0,9.8,5
2025-01-05,,33256.0,31.1,22.8,26.6,32.2,22.8,26.5,48.8,11.1,5
2025-01-06,,32853.0,32.1,21.2,26.1,31.3,21.2,25.8,46.6,8.2,5
2025-01-07,,32767.0,32.5,21.1,26.5,31.8,21.1,26.2,49.6,10.1,5
2025-01-08,,34137.0,33.4,22.3,27.4,34.3,22.3,27.6,53.6,7.7,6
2025-01-09,,33671.0,33.0,23.9,28.1,33.8,23.9,28.4,55.2,9.9,5
2025-01-10,,35804.0,31.1,23.7,27.2,33.1,23.7,27.7,56.7,14.4,6
2025-01-11,,32421.0,30.0,21.7,25.6,31.2,21.7,25.7,54.3,19.3,6
2025-01-12,,25740.0,27.5,19.6,23.0,27.9,19.6,23.0,52.9,11.2,5
2025-01-13,,25528.0,28.6,18.1,23.1,28.3,18.1,23.0,50.3,8.1,4
2025-01-14,,28237.0,28.8,19.1,24.2,29.0,19.1,24.2,55.2,8.6,5
2025-01-15,,31854.0,32.9,20.9,26.8,34.5,20.9,27.2,51.2,10.7,5
2025-01-16,,30363.0,32.0,25.1,27.7,34.1,25.1,28.4,56.9,10.5,6
2025-01-17,,32303.0,30.9,22.7,26.3,31.1,22.7,26.4,54.6,10.5,6
2025-01-18,,31547.0,32.7,21.5,26.4,31.4,21.5,26.1,50.1,9.7,6
2025-01-19,,30132.0,32.7,21.7,26.6,31.6,21.7,26.2,47.7,8.7,6
2025-01-20,,32191.0,33.2,21.3,26.7,32.4,21.3,26.5,52.1,7.1,6
2025-01-21,,32323.0,33.3,21.7,26.9,32.7,21.7,26.7,52.7,7.9,6
2025-01-22,,33719.0,33.8,22.3,27.1,33.5,22.3,27.1,56.7,6.4,6
2025-01-23,,34266.0,33.9,21.6,26.9,34.0,21.6,27.2,60.1,12.5,6
2025-01-24,,36722.0,34.2,22.4,27.8,35.5,22.4,28.4,61.3,7.6,5
2025-01-25,,39108.0,35.4,23.4,28.3,38.9,23.4,29.6,65.4,8.2,6
2025-01-26,,43326.0,34.6,23.3,28.6,37.1,23.3,30.5,70.5,8.4,6
2025-01-27,,35955.0,29.5,22.9,26.2,29.8,22.9,26.5,59.9,14.2,6
2025-01-28,,32014.0,30.5,22.7,25.7,30.3,22.7,25.7,52.0,13.6,6
2025-01-29,,32682.0,29.9,21.8,25.6,29.5,21.8,25.5,52.5,13.7,7
2025-01-30,,33500.0,31.8,20.8,26.2,31.5,20.8,26.1,54.6,9.0,7
2025-01-31,,35233.0,33.3,22.2,27.1,33.1,22.2,27.3,59.5,8.1,6
2025-02-01,,35875.0,34.0,23.4,28.2,35.4,23.4,28.9,63.5,7.6,6
2025-02-02,,40388.0,35.2,22.9,28.5,37.3,22.9,30.0,68.2,9.4,6
2025-02-03,,49501.0,34.7,24.0,29.0,38.4,24.0,31.3,71.9,9.2,6
2025-02-04,,44507.0,33.5,26.0,29.0,36.0,26.0,30.9,66.9,10.4,6
2025-02-05,,44170.0,33.8,25.4,28.8,36.7,25.4,30.2,59.0,9.0,6
2025-02-06,,44750.0,33.2,25.5,28.8,37.1,25.5,31.2,72.2,9.5,6
2025-02-07,,46809.0,33.9,25.1,28.9,39.1,25.1,31.8,72.6,9.1,5
2025-02-08,,40780.0,33.9,26.6,29.4,35.2,26.6,31.0,59.8,14.7,6
2025-02-09,,34148.0,31.8,23.5,27.4,32.7,23.5,27.7,52.5,13.4,6
2025-02-10,,37923.0,33.1,22.8,27.3,33.6,22.8,27.5,52.3,12.6,7
2025-02-11,,39515.0,35.4,22.3,28.4,35.5,22.3,28.5,51.2,8.7,7
2025-02-12,,38967.0,36.1,24.2,29.4,37.5,24.2,30.2,56.4,5.9,6
2025-02-13,,45131.0,35.5,25.5,29.8,37.8,25.5,32.1,63.5,9.7,7
2025-02-14,,50299.0,34.9,25.7,29.5,39.9,25.7,33.1,72.4,11.4,6
2025-02-15,,44827.0,36.4,25.5,30.1,40.6,25.5,33.2,68.8,9.4,6
2025-02-16,,45724.0,36.0,24.8,29.8,38.3,24.8,32.7,68.9,13.5,9
2025-02-17,,52692.0,34.2,26.9,29.6,39.0,30.0,34.2,73.7,16.6,6
2025-02-18,,50712.0,32.9,26.9,28.5,38.0,29.8,32.7,78.4,9.1,4
2025-02-19,,50000.0,32.9,26.4,29.2,39.9,26.4,33.6,76.0,8.7,6
2025-02-20,,49718.0,34.5,26.1,29.9,40.3,26.1,33.9,70.1,8.2,6
2025-02-21,,50206.0,31.3,27.2,29.0,37.5,31.0,33.8,77.5,10.9,6
2025-02-22,,47632.0,34.8,26.1,30.1,38.4,26.1,33.8,70.0,9.9,6
2025-02-23,,49500.0,34.5,26.8,30.7,39.4,30.0,34.5,65.1,13.7,6
2025-02-24,,47496.0,30.2,25.9,27.5,33.0,25.9,29.0,71.2,14.4,4
2025-02-25,,39602.0,31.2,24.4,26.6,33.4,24.4,27.1,68.6,17.5,8
2025-02-26,,40550.0,32.7,22.9,27.5,37.1,22.9,28.9,65.8,12.1,7
2025-02-27,,48390.0,35.5,25.1,30.1,38.1,25.1,32.5,62.0,8.7,7
2025-02-28,,53064.0,34.4,27.2,30.1,40.5,31.0,34.7,69.5,20.5,7
2025-03-01,,52680.0,34.5,27.3,29.9,41.5,30.9,35.5,75.0,18.0,7
2025-03-02,,52420.0,35.0,27.2,30.3,41.8,30.9,35.7,72.3,10.5,7
2025-03-03,,54702.0,34.6,27.7,30.4,41.4,32.3,36.1,72.9,21.8,6
